Player,Pos,GP,W%,K,D,A,KDA,GD10,XPD10,CSD10,CSPM,DPM,WPM,WCPM,rank,goldrank,xprank,csrank,wrrank,kdarank
Alphari,Top,18.0,0.72,57.0,32.0,80.0,4.3,302.0,208.0,10.1,8.5,450.0,0.49,0.15,1,2.0,4.0,1.0,6.0,11.0
Xerxe,Jungle,18.0,0.72,53.0,27.0,105.0,5.9,168.0,283.0,4.8,5.1,324.0,0.8,0.43999999999999995,2,6.0,1.0,6.0,15.0,5.0
Mikyx,Support,18.0,0.8299999999999998,30.0,49.0,221.0,5.1,153.0,179.0,6.6,1.6,221.0,1.51,0.4,3,9.0,5.0,4.0,3.0,7.0
Rekkles,ADC,18.0,0.72,95.0,20.0,103.0,9.9,193.0,173.0,4.3,10.3,478.0,0.38,0.4099999999999999,4,5.0,8.0,7.0,12.0,1.0
Cabochard,Top,18.0,0.10999999999999999,24.0,52.0,65.0,1.6999999999999997,199.0,273.0,9.3,7.800000000000001,344.0,0.51,0.13,5,4.0,2.0,2.0,46.0,45.0
