Player,Pos,GP,W%,K,D,A,KDA,GD10,XPD10,CSD10,CSPM,DPM,WPM,WCPM,rank,goldrank,xprank,csrank,wrrank,kdarank
Zoom,Top,16.0,1.0,47.0,26.0,125.0,6.6,407.0,363.0,9.6,8.1,437.0,0.51,0.18,1,3.0,3.0,5.0,1.0,4.0
clx,Support,17.0,0.06,26.0,72.0,86.0,1.6,534.0,888.0,38.5,5.4,341.0,0.78,0.26,4,1.0,1.0,1.0,96.0,97.0
beishang,Jungle,41.0,0.49,113.0,101.0,335.0,4.4,138.0,238.0,3.3999999999999995,5.5,311.0,0.55,0.42999999999999994,6,14.0,5.0,23.0,50.0,22.0
Wink,ADC,37.0,0.62,176.0,75.0,282.0,6.1,130.0,110.0,6.7,10.0,620.0,0.43999999999999995,0.51,7,16.0,23.0,10.0,24.0,7.0
knight,Middle,37.0,0.62,179.0,80.0,246.0,5.300000000000001,101.0,133.0,4.2,8.4,609.0,0.36,0.20999999999999996,11,21.0,19.0,18.0,21.0,12.0
