Player,Pos,GP,W%,K,D,A,KDA,GD10,XPD10,CSD10,CSPM,DPM,WPM,WCPM,rank,goldrank,xprank,csrank,wrrank,kdarank
Zoom,Top,16.0,1.0,47.0,26.0,125.0,6.6,407.0,363.0,9.6,8.1,437.0,0.51,0.18,1,3.0,3.0,5.0,1.0,4.0
Kanavi,Jungle,36.0,0.72,151.0,68.0,247.0,5.9,151.0,213.0,1.6,6.1,358.0,0.42999999999999994,0.52,3,12.0,6.0,35.0,8.0,9.0
Lwx,ADC,40.0,0.68,175.0,68.0,256.0,6.3,200.0,176.0,1.6999999999999997,9.2,512.0,0.41999999999999993,0.34,4,8.0,12.0,34.0,14.0,5.0
knight,Middle,37.0,0.62,179.0,80.0,246.0,5.300000000000001,101.0,133.0,4.2,8.4,609.0,0.36,0.20999999999999996,8,21.0,19.0,18.0,21.0,12.0
clx,Support,17.0,0.06,26.0,72.0,86.0,1.6,534.0,888.0,38.5,5.4,341.0,0.78,0.26,13,1.0,1.0,1.0,96.0,97.0
